Fare,Survived
44.47981783439487,233
25.523893414211418,109
